USE HotelReservations;

INSERT INTO RoomType (RoomTypeID, RoomType, StanOcc, MaxOcc, ExtraPersonCost) VALUES
(1, "Single", 2, 2, null),
(2, "Double", 2, 4, 10),
(3, "Suite", 3, 8, 20);

INSERT INTO Room (RoomNumber, RoomTypeID, AccessibleADA, BasePrice) VALUES
(201,2,0,199.99),
(202,2,1,174.99),
(203,2,0,199.99),
(204,2,1,174.99),
(205,1,0,174.99),
(206,1,1,149.99),
(207,1,0,174.99),
(208,1,1,149.99),
(301,2,0,199.99),
(302,2,1,174.99),
(303,2,0,199.99),
(304,2,1,174.99),
(305,1,0,174.99),
(306,1,1,149.99),
(307,1,0,174.99),
(308,1,1,149.99),
(401,3,1,399.99),
(402,3,1,399.99);

INSERT INTO Guest (GuestID, FirstName,LastName,Street,City,State,Zip,Phone) VALUES
(1, "Matias","Tong","14214 26 Ave.","Flushing","NY",11354,"929-391-6458"),
(2, "Bettyann","Seery","750 Wintergreen Dr.","Wasilla","AK",99654,"478-277-9632"),
(3, "Duane","Cullison","9662 Foxrun Lane","Harlingen","TX",78552,"308-494-0198"),
(4, "Karie","Yang","9378 W. Augusta Ave.","West Deptford","NJ",08096,"214-730-0298"),
(5, "Aurore","Lipton","762 Wild Rose Street","Saginaw","MI",48601,"377-507-0974"),
(6, "Zachery","Luechtefeld","7 Poplar Dr.","Arvada","CO",80003,"814-485-2615"),
(7, "Jeremiah","Pendergrass","70 Oakwood St.","Zion","IL","60099","279-491-0960"),
(8, "Walter","Holaway","7556 Arrowhead St.","Cumberland","RI",02864,"446-396-6785"),
(9, "Wilfred","Vise","77 West Surrey Street","Oswego","NY",13126,"834-727-1001"),
(10, "Maritza","Tilton","939 Linda Rd.","Burke","VA",22015,"446-351-6860"),
(11, "Joleen","Tison","87 Queen St.","Drexel Hill","PA",19026,"231-893-2755"),
(12, "Mack","Simmer","379 Old Shore Street","Council Bluffs","IA",51501,"291-553-0508");

INSERT INTO Amenity (AmenityID, Amenity, AmenityPrice) VALUES
(1, "Microwave", NULL),
(2, "Refrigerator", NULL),
(3, "Jacuzzi", 25),
(4, "Oven", NULL);

INSERT INTO RoomAmenity (RoomNumber, AmenityID) VALUES
(201,1), (201,3), (202,2),
(203,1), (203,3),  (204,2),
(205,1), (205,2), (205,3),
(206,1), (206,2), (207,1),
(207,2), (207,3), (208,1),
(208,2), (301,1), (301,3),
(302,2), (303,1), (303,3),
(304,2), (305,1), (305,2),
(305,3), (306,1), (306,2),
(307,1), (307,2), (307,3),
(308,1), (308,2), (401,1),
(401,2), (401,4), (402,1),
(402,2), (402,4);

INSERT INTO Reservation (ReservationID, GuestID, TotalCost, CheckIn, CheckOut) VALUES
(1,1,524.97,"2023-03-17","2023-03-20"),
(2,12,299.98,"2023-02-02","2023-02-04"),
(3,2,999.95,"2023-02-05","2023-02-10"),
(4,3,349.98,"2023-02-22","2023-02-24"),
(5,4,199.99,"2023-03-06","2023-03-07"),
(6,5,924.95,"2023-03-18","2023-03-23"),
(7,6,349.98,"2023-03-29","2023-03-31"),
(8,7,874.95,"2023-03-31","2023-04-05"),
(9,8,799.96,"2023-04-09","2023-04-13"),
(10,9,174.99,"2023-04-23","2023-04-24"),
(11,10,1199.97,"2023-05-30","2023-06-02"),
(12,11,1199.92,"2023-06-10","2023-06-14"),
(14,5,184.99,"2023-06-17","2023-06-18"),
(15,1,699.96,"2023-06-28","2023-07-02"),
(16,8,184.99,"2023-07-13","2023-07-14"),
(17,9,1259.97,"2023-07-18","2023-07-21"),
(18,2,199.99,"2023-07-28","2023-07-29"),
(19,2,349.98,"2023-08-30","2023-09-01"),
(20,12,149.99,"2023-09-16","2023-09-17"),
(21,4,399.98,"2023-09-13","2023-09-15"),
(22,3,1199.97,"2023-11-22","2023-11-25"),
(23,12,1049.94,"2023-11-22","2023-11-25"),
(25,10,699.96,"2023-12-24","2023-12-28");

INSERT INTO RoomReservation(ReservationID, RoomNumber, Adults, Children, TotalRoomCost) VALUES
(1,307,1,1,524.97),
(2,308,1,0,299.98),
(3,203,2,1,999.95),
(4,305,2,0,349.98),
(5,201,2,2,199.99),
(6,302,3,0,924.95),
(7,202,2,2,349.98),
(8,304,2,0,874.95),
(9,301,1,0,799.96),
(10,207,1,1,174.99),
(11,401,2,4,1199.97),
(12,206,2,0,599.96),
(12,208,1,0,599.96),
(14,304,3,0,184.99),
(15,205,2,0,699.96),
(16,204,3,1,184.99),
(17,401,4,2,1259.97),
(18,303,2,1,199.99),
(19,305,1,0,349.98),
(20,208,2,0,149.99),
(21,203,2,2,399.98),
(22,401,2,2,1199.97),
(23,206,2,0,449.97),
(23,301,2,2,599.97),
(25,302,2,0,699.96);


DELETE FROM RoomReservation
WHERE ReservationID = 8;

DELETE FROM Reservation
WHERE GuestID = 7;

DELETE FROM Guest
WHERE GuestID = 7;
